Index,Hatch_Distance,Laser_Power,Scan_Speed,Layer_Thickness,ED,TE,Density
1,0.09385,147,630,0.025,99.44947611,0.233333333,98.436
2,0.13305,287,1700,0.025,50.75491301,0.168823529,99.98
3,0.16961,225,613,0.025,86.56265747,0.367047308,98.685
4,0.14743,231,800,0.025,78.34226413,0.28875,99.629
5,0.10345,180,388,0.025,179.3784537,0.463917526,96.253
6,0.07867,147,1390,0.025,53.77165155,0.105755396,99.966
7,0.15242,89,545,0.025,42.85599063,0.163302752,93.473
8,0.14665,257,451,0.025,155.4298778,0.569844789,97.513
9,0.14628,206,1112,0.025,50.65676745,0.185251799,99.959
10,0.14476,137,1065,0.025,35.54531574,0.128638498,97.424
11,0.18622,99,1169,0.025,18.19090695,0.084687767,63.302
12,0.16584,241,876,0.025,66.35652563,0.275114155,99.976
13,0.0749,80,929,0.025,45.98883908,0.086114101,91.926
14,0.06402,89,751,0.025,74.04477046,0.118508655,99.523
15,0.12324,193,369,0.025,169.7615159,0.52303523,95.126
16,0.06324,218,1486,0.025,92.79099127,0.146702557,99.666
17,0.063,187,1280,0.025,92.75793651,0.14609375,99.358
18,0.07435,240,1301,0.025,99.24598894,0.184473482,99.537
19,0.05873,51,349,0.025,99.52787683,0.146131805,80.345
20,0.07696,61,1186,0.025,26.73253095,0.05143339,55.793
21,0.05792,52,537,0.025,66.87449201,0.096834264,71.039
22,0.18916,232,1314,0.025,37.33561467,0.176560122,99.946
23,0.11702,311,1672,0.025,63.58051092,0.186004785,99.985
24,0.11506,166,609,0.025,94.76029783,0.272577997,98.252
25,0.12665,189,1391,0.025,42.91305877,0.135873472,99.995
26,0.12331,212,1422,0.025,48.36129905,0.149085795,99.994
27,0.08393,335,942,0.025,169.4871092,0.355626327,99.466
28,0.1109,178,1247,0.025,51.48515138,0.142742582,99.996
29,0.09157,131,1098,0.025,52.11655888,0.119307832,99.998
30,0.05981,149,1031,0.025,96.65265582,0.144519884,99.989
31,0.18494,298,492,0.025,131.0027159,0.605691057,97.797
32,0.16382,291,803,0.025,88.48517486,0.362391034,99.538
33,0.0722,119,846,0.025,77.92905182,0.140661939,99.795
34,0.19152,283,609,0.025,97.05434906,0.464696223,98.282
35,0.05969,109,951,0.025,76.8076351,0.114616193,99.76
36,0.1384,88,283,0.025,89.87111665,0.310954064,98.594
37,0.17743,343,1538,0.025,50.27715833,0.223016905,99.6
38,0.07279,306,1364,0.025,123.2807671,0.224340176,99.447
39,0.10647,223,1369,0.025,61.1975664,0.162892622,99.844
40,0.08661,205,1686,0.025,56.15497568,0.121589561,99.914
41,0.08782,181,1184,0.025,69.62952477,0.152871622,99.914
42,0.15962,340,1671,0.025,50.98884237,0.203470975,99.892
43,0.16216,58,265,0.025,53.98814123,0.218867925,80.187
44,0.15673,180,790,0.025,58.15047566,0.227848101,99.757
45,0.13053,297,1497,0.025,60.79730134,0.198396794,99.924
46,0.16424,340,783,0.025,105.7543426,0.434227331,99.49
47,0.13973,328,1177,0.025,79.77516537,0.278674596,99.866
48,0.14413,211,1217,0.025,48.11688252,0.173377157,99.933
49,0.08983,57,717,0.025,35.39926882,0.079497908,57.779
50,0.10822,276,542,0.025,188.218478,0.509225092,97.898
51,0.12037,325,1342,0.025,80.47714777,0.242175857,99.995
52,0.12208,219,1042,0.025,68.86393995,0.210172745,99.972
53,0.11882,175,1590,0.025,37.05197545,0.110062893,99.996
54,0.06553,192,700,0.025,167.4260426,0.274285714,97.057
55,0.14587,182,908,0.025,54.96415401,0.200440529,99.919
56,0.10869,260,1649,0.025,58.02606162,0.157671316,99.992
57,0.15679,335,597,0.025,143.1568412,0.561139028,98.625
58,0.06633,159,1236,0.025,77.57622596,0.128640777,99.949
59,0.13053,141,385,0.025,112.2297606,0.366233766,94.457
60,0.08941,271,1017,0.025,119.2126204,0.26647001,99.795
61,0.12709,80,541,0.025,46.54160259,0.147874307,93.258
62,0.17266,230,584,0.025,91.2395729,0.393835616,98.29
63,0.14512,148,818,0.025,49.87020269,0.180929095,99.919
64,0.18368,172,975,0.025,38.41686769,0.176410256,99.898
65,0.06086,293,1681,0.025,114.5586666,0.174301011,99.705
66,0.08835,147,505,0.025,131.7890702,0.291089109,92.795
67,0.06243,85,668,0.025,81.5284376,0.127245509,99.676
68,0.19631,295,846,0.025,71.05084073,0.348699764,99.965
69,0.17384,317,743,0.025,98.17043751,0.426648721,99.523
70,0.10087,249,773,0.025,127.7373269,0.322121604,98.416
71,0.13041,183,403,0.025,139.2820467,0.454094293,94.637
72,0.10421,197,1542,0.025,49.03796596,0.127756161,99.98
73,0.1081,190,808,0.025,87.01147636,0.235148515,99.185
74,0.14301,235,501,0.025,131.1969446,0.469061876,97.09
75,0.1436,244,476,0.025,142.7869198,0.512605042,97.667
76,0.1861,255,404,0.025,135.6664414,0.631188119,97.543
77,0.15155,180,1441,0.025,32.96951625,0.124913255,99.936
78,0.18672,133,1499,0.025,19.00724448,0.088725817,74.908
79,0.1765,164,1579,0.025,23.5384033,0.103863205,98.636
80,0.08968,101,683,0.025,65.957633,0.147877013,99.98
81,0.15265,216,362,0.025,156.3537721,0.596685083,95.982
82,0.14915,211,999,0.025,56.64397217,0.211211211,99.977
83,0.14136,155,687,0.025,63.84228402,0.225618632,99.68
84,0.16504,325,1552,0.025,50.75308204,0.209407216,99.997
85,0.1012,184,1584,0.025,45.91368228,0.116161616,99.974
86,0.16985,255,1321,0.025,45.46024824,0.193035579,99.984
87,0.15441,53,640,0.025,21.45262613,0.0828125,
88,0.12774,203,1441,0.025,44.11285198,0.140874393,99.963
89,0.1598,241,1612,0.025,37.42270891,0.149503722,99.983
90,0.13103,137,659,0.025,63.463556,0.207890744,99.935
91,0.07583,175,748,0.025,123.4114304,0.233957219,95.997
92,0.16772,75,437,0.025,40.93124588,0.171624714,85.846
93,0.15808,230,1410,0.025,41.27544721,0.163120567,99.996
94,0.05625,107,1160,0.025,65.59386973,0.092241379,99.899
95,0.16262,275,764,0.025,88.53711572,0.359947644,99.86
96,0.17173,157,272,0.025,134.4449735,0.577205882,94.478
97,0.09867,306,1362,0.025,91.0791947,0.224669604,99.99
98,0.11581,131,1224,0.025,36.96611477,0.107026144,97.512
99,0.15111,58,853,0.025,17.99889105,0.067995311,
100,0.12997,148,281,0.025,162.0959888,0.526690391,94.798
101,0.07575,225,940,0.025,126.3956183,0.239361702,99.914
102,0.13128,171,943,0.025,55.25172492,0.181336161,99.995
103,0.16655,146,1271,0.025,27.58815514,0.114870181,93.362
104,0.12168,193,358,0.025,177.220955,0.539106145,95.332
105,0.1899,296,1111,0.025,56.11935601,0.266426643,99.982
106,0.10364,154,814,0.025,73.01782678,0.189189189,99.935
107,0.19724,54,1046,0.025,10.46952728,0.051625239,
108,0.13995,217,1154,0.025,53.74536462,0.188041594,99.975
109,0.19336,324,1297,0.025,51.67713022,0.249807247,99.994
110,0.15724,73,1232,0.025,15.07332657,0.059253247,38.739
111,0.09591,296,1454,0.025,84.9030721,0.203576341,99.995
112,0.18834,120,1489,0.025,17.11606683,0.080591001,66.997
113,0.0757,148,408,0.025,191.6750848,0.362745098,93.981
114,0.14412,338,577,0.025,162.5835586,0.585788562,98.414
115,0.18463,292,1668,0.025,37.92665375,0.175059952,99.995
116,0.13056,76,1558,0.025,14.94500239,0.048780488,46.971
117,0.10047,70,693,0.025,40.21502976,0.101010101,83.208
118,0.12499,115,782,0.025,47.06258854,0.147058824,99.804
119,0.17225,303,1509,0.025,46.62879039,0.200795229,99.993
120,0.17886,165,1333,0.025,27.6821973,0.123780945,99.088
121,0.08982,207,668,0.025,138.000552,0.30988024,95.821
122,0.1432,86,583,0.025,41.20471075,0.147512864,92.585
123,0.13467,307,1534,0.025,59.4431954,0.200130378,99.989
124,0.19482,207,1471,0.025,28.89243368,0.140720598,99.898
125,0.05262,120,1155,0.025,78.97841421,0.103896104,99.992
126,0.13357,306,953,0.025,96.15670904,0.321091291,99.818
127,0.11519,72,478,0.025,52.30579566,0.150627615,92.66
128,0.17193,252,1347,0.025,43.52524989,0.187082405,99.996
129,0.17065,99,534,0.025,43.45578867,0.185393258,96.576
130,0.13505,320,1463,0.025,64.7844916,0.21872864,99.993
131,0.18015,265,1507,0.025,39.04436342,0.175846052,99.999
132,0.11364,342,1099,0.025,109.5360763,0.311191993,99.904
133,0.1058,198,1424,0.025,52.56897687,0.139044944,99.987
134,0.18367,234,839,0.025,60.74012228,0.278903456,99.884
135,0.10093,192,454,0.025,167.6042758,0.422907489,97.173
136,0.14549,202,1145,0.025,48.50346112,0.176419214,99.98
137,0.11086,280,1588,0.025,63.61985139,0.176322418,99.986
138,0.17208,192,1642,0.025,27.18051429,0.116930572,99.817
139,0.10617,186,1025,0.025,68.36711487,0.181463415,99.959
140,0.15886,58,374,0.025,39.04827242,0.155080214,64.196
141,0.10521,333,1088,0.025,116.3639108,0.306066176,99.618
142,0.12945,345,1238,0.025,86.11055472,0.278675283,99.867
143,0.1356,211,644,0.025,96.64889426,0.327639752,97.836
144,0.1008,157,776,0.025,80.28555065,0.202319588,97.382
145,0.07383,55,977,0.025,30.4996776,0.05629478,34.532
146,0.15659,204,1241,0.025,41.99081976,0.164383562,99.981
147,0.06601,200,885,0.025,136.9421,0.225988701,98.694
148,0.15629,191,1307,0.025,37.40128985,0.14613619,99.99
149,0.07837,329,1545,0.025,108.6869893,0.212944984,99.858
150,0.07124,184,621,0.025,166.3651299,0.296296296,96.307
151,0.12886,149,1231,0.025,37.57249885,0.121039805,99.977
152,0.09575,340,1184,0.025,119.9633053,0.287162162,99.717
153,0.1514,341,824,0.025,109.3355222,0.413834951,99.471
154,0.17903,127,857,0.025,33.10983974,0.148191365,98.315
155,0.13848,264,1352,0.025,56.40273605,0.195266272,99.985
156,0.16008,80,225,0.025,88.84446666,0.355555556,96.299
157,0.06029,88,989,0.025,59.03384736,0.088978766,98.643
158,0.15069,250,1032,0.025,64.30368625,0.242248062,99.997
159,0.1513,267,1021,0.025,69.13637149,0.261508325,99.996
160,0.13732,208,857,0.025,70.69825746,0.242707118,99.581
161,0.16768,195,1650,0.025,28.19222762,0.118181818,99.986
162,0.05424,240,1478,0.025,119.7504401,0.162381597,99.778
163,0.11301,305,1363,0.025,79.20399723,0.223771093,99.793
164,0.11509,213,565,0.025,131.0248155,0.37699115,97.41
165,0.12236,101,595,0.025,55.49130407,0.169747899,99.72
166,0.1723,91,1371,0.025,15.40914889,0.066374909,54.429
167,0.11253,249,762,0.025,116.1545023,0.326771654,98.576
168,0.18035,200,646,0.025,68.66593251,0.309597523,99.149
169,0.09571,170,1684,0.025,42.18999844,0.100950119,99.991
170,0.06554,116,1189,0.025,59.54285969,0.097560976,99.973
171,0.08842,237,1103,0.025,97.2035921,0.21486854,99.493
172,0.17553,299,556,0.025,122.5476635,0.537769784,98.321
173,0.18503,147,1232,0.025,25.79434293,0.119318182,98.912
174,0.08413,291,1163,0.025,118.9658677,0.250214961,99.52
175,0.10824,182,407,0.025,165.2529369,0.447174447,95.586
176,0.07572,258,1240,0.025,109.9125812,0.208064516,99.763
177,0.17809,77,1166,0.025,14.83244109,0.066037736,42.758
178,0.10103,339,1039,0.025,129.1795564,0.326275265,99.472
179,0.06281,130,1450,0.025,57.09611362,0.089655172,99.993
180,0.19263,281,582,0.025,100.2580843,0.482817869,98.413
181,0.0888,61,673,0.025,40.82834692,0.09063893,74.672
182,0.07474,251,935,0.025,143.6709649,0.268449198,99.268
183,0.19876,77,1058,0.025,14.64657436,0.072778828,42.231
184,0.15175,91,496,0.025,48.36052506,0.183467742,95.115
185,0.11778,55,602,0.025,31.02806121,0.091362126,33.381
186,0.1722,295,1410,0.025,48.59927019,0.209219858,100.0
187,0.15111,217,1179,0.025,48.7206097,0.184054283,99.992
188,0.06739,186,926,0.025,119.2247698,0.200863931,98.621
189,0.13186,81,217,0.025,113.2327891,0.373271889,98.468
190,0.14033,52,451,0.025,32.86519912,0.115299335,39.375
191,0.11318,121,465,0.025,91.96503049,0.260215054,99.38
192,0.07015,136,1025,0.025,75.65669384,0.132682927,99.965
193,0.12427,209,1205,0.025,55.82811086,0.173443983,99.93
194,0.1704,221,988,0.025,52.50803064,0.223684211,99.952
195,0.17219,175,1034,0.025,39.31602253,0.169245648,99.972
196,0.08826,149,1635,0.025,41.30138159,0.091131498,99.936
197,0.17365,187,757,0.025,56.9024454,0.247027741,99.528
198,0.08136,202,1542,0.025,64.40447541,0.130998703,99.889
199,0.06696,142,1036,0.025,81.87911414,0.137065637,99.07
200,0.14494,150,798,0.025,51.87523798,0.187969925,99.816
201,0.13127,87,822,0.025,32.25090761,0.105839416,88.024
202,0.18206,217,702,0.025,67.91537056,0.309116809,99.451
203,0.17415,126,1003,0.025,28.85400646,0.125623131,97.979
204,0.11237,298,1674,0.025,63.36806137,0.178016726,99.996
205,0.06981,184,1140,0.05,46.24079896,0.161403509,98.779
206,0.16281,313,1468,0.05,26.1919119,0.213215259,99.922
207,0.10991,167,1457,0.05,20.85689752,0.11461908,99.934
208,0.12811,183,546,0.05,52.32453909,0.335164835,96.347
209,0.10066,185,1515,0.05,24.26231099,0.122112211,99.911
210,0.17494,189,1074,0.05,20.11862966,0.175977654,99.787
211,0.18845,200,1679,0.05,12.64192337,0.119118523,98.257
212,0.17652,315,414,0.05,86.20774589,0.760869565,97.485
213,0.06003,112,365,0.05,102.231989,0.306849315,98.851
214,0.08576,204,409,0.05,116.3193811,0.498777506,93.355
215,0.08315,118,1339,0.05,21.19674486,0.088125467,99.33
216,0.10724,106,1551,0.05,12.74580465,0.068343005,93.857
217,0.14436,336,643,0.05,72.3954758,0.522550544,98.536
218,0.09305,140,1140,0.05,26.39591994,0.122807018,99.881
219,0.11362,69,340,0.05,35.72279114,0.202941176,88.01
220,0.10854,256,1395,0.05,33.81473094,0.183512545,99.981
221,0.14775,165,1700,0.05,13.13825022,0.097058824,93.664
222,0.19446,155,541,0.05,29.46687951,0.28650647,99.223
223,0.12288,163,892,0.05,29.74209408,0.182735426,99.931
224,0.08764,192,1386,0.05,31.61299373,0.138528139,99.927
225,0.11076,90,1631,0.05,9.96404309,0.055180871,55.245
226,0.17959,348,1349,0.05,28.72864478,0.257968866,99.988
227,0.18729,308,871,0.05,37.76138958,0.353616533,99.771
228,0.19405,285,761,0.05,38.5990443,0.374507227,99.122
229,0.16459,257,364,0.05,85.79427135,0.706043956,96.313
230,0.05295,247,1586,0.05,58.82444001,0.155737705,99.794
231,0.11897,321,652,0.05,82.76561963,0.492331288,98.525
232,0.05489,146,1189,0.05,44.74121421,0.122792262,99.67
233,0.10533,188,565,0.05,63.18111893,0.332743363,94.131
234,0.14506,121,940,0.05,17.74760847,0.128723404,88.241
235,0.11182,59,531,0.05,19.87320893,0.111111111,21.729
236,0.19282,249,1656,0.05,15.59613306,0.150362319,99.742
237,0.17463,317,668,0.05,54.34929831,0.474550898,98.96
238,0.11703,104,367,0.05,48.42839385,0.283378747,99.912
239,0.06973,87,1176,0.05,21.21887045,0.073979592,81.203
240,0.13704,80,868,0.05,13.45094843,0.092165899,47.278
241,0.10883,144,1572,0.05,16.83415482,0.091603053,97.862
242,0.05253,182,1045,0.05,66.30979609,0.174162679,98.466
243,0.06364,237,1148,0.05,64.87931899,0.206445993,97.978
244,0.08069,217,1147,0.05,46.8928465,0.189189189,99.706
245,0.17542,323,788,0.05,46.73338013,0.409898477,99.295
246,0.12237,318,1485,0.05,34.99900533,0.214141414,99.723
247,0.10776,140,1227,0.05,21.17658306,0.11409943,97.972
248,0.14951,187,689,0.05,36.30631228,0.271407837,99.295
249,0.11313,235,998,0.05,41.62838184,0.235470942,99.571
250,0.1291,317,1451,0.05,33.84508454,0.218470021,99.987
251,0.0629,139,459,0.05,96.29006169,0.302832244,93.609
252,0.06732,348,1524,0.05,67.83911369,0.228346457,99.776
253,0.13851,76,1546,0.05,7.098277426,0.04915912,
254,0.15111,210,1454,0.05,19.1157648,0.144429161,99.945
255,0.1113,177,762,0.05,41.74006551,0.232283465,98.433
256,0.19001,69,218,0.05,33.3154846,0.316513761,81.373
257,0.06237,78,1403,0.05,17.8275303,0.055595153,78.722
258,0.12482,314,1218,0.05,41.30743015,0.257799672,99.576
259,0.12301,315,681,0.05,75.20609155,0.462555066,98.166
260,0.1879,201,1441,0.05,14.84688321,0.139486468,98.893
261,0.1969,112,748,0.05,15.20900156,0.14973262,69.877
262,0.18529,248,1486,0.05,18.01403017,0.166890983,99.961
263,0.12919,204,1257,0.05,25.12441667,0.162291169,99.884
264,0.12914,170,935,0.05,28.158306,0.181818182,99.797
265,0.10126,265,1032,0.05,50.71754804,0.256782946,99.47
266,0.08589,306,946,0.05,75.32127848,0.32346723,99.025
267,0.17273,302,835,0.05,41.87768734,0.361676647,99.451
268,0.13942,176,988,0.05,25.55410297,0.178137652,99.931
269,0.18239,244,1582,0.05,16.91267563,0.154235145,99.689
270,0.17645,168,254,0.05,74.96937635,0.661417323,93.018
271,0.09361,343,1586,0.05,46.20603338,0.216267339,99.91
272,0.1821,233,1465,0.05,17.46780545,0.159044369,99.851
273,0.16023,289,1308,0.05,27.57885692,0.220948012,99.865
274,0.06993,341,1382,0.05,70.56881152,0.246743849,99.764
275,0.19939,63,371,0.05,17.03308298,0.169811321,37.082
276,0.13666,185,354,0.05,76.48161423,0.52259887,94.465
277,0.15381,122,757,0.05,20.95604752,0.161162483,90.014
278,0.18073,323,315,0.05,113.4727854,1.025396825,96.357
279,0.15669,283,788,0.05,45.84045642,0.359137056,99.101
280,0.10253,84,1536,0.05,10.66760948,0.0546875,49.384
281,0.06431,109,1472,0.05,23.02873987,0.074048913,99.122
282,0.15368,199,661,0.05,39.17998458,0.301059002,98.022
283,0.14143,344,627,0.05,77.58528433,0.548644338,98.148
284,0.12478,249,1655,0.05,24.11494986,0.150453172,99.969
285,0.17668,132,1090,0.05,13.70850322,0.121100917,88.063
286,0.13678,301,486,0.05,90.56025205,0.619341564,97.989
287,0.18346,279,1426,0.05,21.32913702,0.195652174,99.969
288,0.18201,201,918,0.05,24.05958446,0.218954248,99.844
289,0.18321,347,338,0.05,112.0710899,1.026627219,96.747
290,0.07515,252,910,0.05,73.69875633,0.276923077,98.924
291,0.18851,332,1382,0.05,25.48740634,0.240231548,99.968
292,0.08564,172,231,0.05,173.8880767,0.744588745,97.753
293,0.0501,217,1096,0.05,79.03900229,0.197992701,98.344
294,0.05065,216,998,0.05,85.46213849,0.216432866,99.362
295,0.15592,168,1283,0.05,16.79619062,0.130943102,99.36
296,0.16804,224,273,0.05,97.65684605,0.820512821,95.277
297,0.10103,150,1071,0.05,27.72563049,0.140056022,99.927
298,0.11265,207,473,0.05,77.6976716,0.437632135,95.249
299,0.08956,333,1106,0.05,67.23648749,0.301084991,99.195
300,0.09073,233,849,0.05,60.49609132,0.274440518,98.394
301,0.19888,318,1419,0.05,22.53635156,0.22410148,99.851
302,0.1651,92,926,0.05,12.03537878,0.099352052,52.38
303,0.07783,158,1648,0.05,24.63671757,0.095873786,99.839
304,0.08405,82,308,0.05,63.35128286,0.266233766,99.933
305,0.14966,317,367,0.05,115.4296696,0.863760218,96.618
306,0.1323,97,271,0.05,54.10938463,0.357933579,99.909
307,0.14238,280,648,0.05,60.69655365,0.432098765,97.99
308,0.15961,294,1166,0.05,31.59502316,0.252144082,99.942
309,0.09274,201,656,0.05,66.07773108,0.306402439,96.938
310,0.08538,63,1332,0.05,11.07924509,0.047297297,
311,0.16086,234,270,0.05,107.7541548,0.866666667,94.14
312,0.05917,160,988,0.05,54.73832004,0.16194332,94.813
313,0.10152,166,322,0.05,101.5618499,0.51552795,92.376
314,0.16396,284,525,0.05,65.98589668,0.540952381,97.77
315,0.19745,312,1653,0.05,19.11853445,0.188747731,99.935
316,0.08937,52,1069,0.05,10.88588836,0.048643592,
317,0.19529,65,937,0.05,7.104340298,0.069370331,
318,0.09924,69,653,0.05,21.2950738,0.105666156,64.501
319,0.09377,146,1172,0.05,26.56998589,0.124573379,99.945
320,0.12435,323,1500,0.05,34.63342715,0.215333333,99.954
321,0.14741,227,1513,0.05,20.35588453,0.150033047,99.968
322,0.18263,185,510,0.05,39.72459049,0.362745098,97.3
323,0.11348,256,1313,0.05,34.36259138,0.194973343,99.852
324,0.1615,101,322,0.05,38.84391285,0.313664596,99.508
325,0.13631,278,452,0.05,90.24198486,0.615044248,96.895
326,0.19808,195,958,0.05,20.55220724,0.203549061,93.233
327,0.06239,245,1057,0.05,74.30295864,0.231788079,99.94
328,0.14648,91,841,0.05,14.77396483,0.108204518,63.604
329,0.10834,60,613,0.05,18.0689094,0.097879282,
330,0.06928,250,690,0.05,104.5955083,0.362318841,97.802
331,0.17343,133,1252,0.05,12.25047938,0.106230032,66.69
332,0.11406,73,225,0.05,56.8901358,0.324444444,97.186
333,0.06205,220,1146,0.05,61.87657592,0.191972077,99.977
334,0.06793,344,623,0.05,162.5693903,0.552166934,98.587
335,0.16569,83,1054,0.05,9.505417114,0.078747628,
336,0.1622,286,1609,0.05,21.9174051,0.177750155,98.683
337,0.12672,56,678,0.05,13.03596436,0.08259587,
338,0.107,326,1320,0.05,46.16256018,0.246969697,
339,0.10946,55,832,0.05,12.07852535,0.066105769,
340,0.1673,114,960,0.05,14.19605499,0.11875,64.203
341,0.15212,290,1338,0.05,28.496109,0.216741405,99.973
342,0.05772,73,535,0.05,47.27948653,0.136448598,87.621
343,0.14367,150,342,0.05,61.05609957,0.438596491,95.364
344,0.19869,173,1315,0.05,13.24263278,0.131558935,75.802
345,0.14554,257,779,0.05,45.33600951,0.329910141,99.797
346,0.11465,207,1308,0.05,27.60695695,0.158256881,99.995
347,0.05297,331,1574,0.05,79.40050936,0.210292249,99.961
348,0.17756,161,1552,0.05,11.68473906,0.103737113,66.711
349,0.1316,237,961,0.05,37.47995534,0.246618106,99.985
350,0.0989,65,697,0.05,18.85880989,0.093256815,53.26
351,0.15624,199,1483,0.05,17.17709394,0.134187458,93.047
352,0.15267,53,336,0.05,20.66392811,0.157738095,
353,0.1176,210,887,0.05,40.26413271,0.2367531,99.947
354,0.10778,323,894,0.05,67.04352183,0.361297539,99.668
355,0.10475,350,1008,0.05,66.29541236,0.347222222,99.23
356,0.16414,203,1148,0.05,21.54615186,0.176829268,99.968
357,0.08884,141,1383,0.05,22.95188601,0.101952278,99.966
358,0.0787,185,1076,0.05,43.69328729,0.171933086,99.2
359,0.08516,310,784,0.05,92.86241505,0.395408163,97.787
360,0.08159,321,596,0.05,132.0236804,0.538590604,98.262
361,0.12074,294,1484,0.05,32.81649951,0.198113208,99.913
362,0.10727,166,641,0.05,48.28383683,0.258970359,96.085
363,0.17407,146,1382,0.05,12.13810469,0.105643994,94.538
364,0.08234,292,727,0.05,97.55905246,0.401650619,98.815
365,0.12679,302,1574,0.05,30.2654551,0.191867853,99.918
366,0.11403,286,514,0.05,97.59190274,0.556420233,97.073
367,0.06233,106,528,0.05,64.41764022,0.200757576,99.955
368,0.13819,167,516,0.05,46.84035181,0.323643411,96.264
369,0.0959,324,1003,0.05,67.36828098,0.323030907,99.284
370,0.09958,72,681,0.05,21.2345596,0.105726872,67.746
371,0.16433,149,446,0.05,40.65973559,0.334080717,98.162
372,0.15529,142,1014,0.05,18.03586164,0.140039448,97.142
373,0.1366,213,548,0.05,56.9086576,0.388686131,97.181
374,0.10229,140,858,0.05,31.90344377,0.163170163,99.914
375,0.10424,138,1597,0.05,16.5794364,0.086412023,78.792
376,0.06163,307,828,0.05,120.3222284,0.370772947,99.005
377,0.10974,299,928,0.05,58.72029813,0.322198276,99.875
378,0.11522,55,534,0.05,17.87819036,0.102996255,
379,0.11998,171,797,0.05,35.76505746,0.21455458,99.94
380,0.19643,264,537,0.05,50.05550188,0.491620112,98.523
381,0.15732,93,740,0.05,15.97707547,0.125675676,66.927
382,0.13088,118,406,0.05,44.41326316,0.290640394,99.512
383,0.13523,310,1463,0.05,31.3382193,0.21189337,99.619
384,0.17269,197,1181,0.05,19.318755,0.16680779,99.646
385,0.1208,276,878,0.05,52.04483398,0.314350797,98.929
386,0.14072,286,825,0.05,49.2704188,0.346666667,99.177
387,0.12907,147,909,0.05,25.05867694,0.161716172,99.618
388,0.17827,167,972,0.05,19.27533512,0.1718107,99.275
389,0.19506,110,834,0.05,13.52347836,0.131894484,67.705
390,0.14068,213,607,0.05,49.88713329,0.350906096,97.045
391,0.07469,316,1255,0.05,67.42343786,0.251792829,99.971
392,0.18711,350,1614,0.05,23.17915026,0.21685254,99.933
393,0.10713,321,422,0.05,142.0075622,0.760663507,97.445
394,0.09107,56,431,0.05,28.53418127,0.129930394,57.856
395,0.1301,130,644,0.05,31.03202983,0.201863354,99.549
396,0.17589,309,1446,0.05,24.29847587,0.213692946,99.734
397,0.09173,70,1223,0.05,12.47929885,0.057236304,
398,0.05995,275,716,0.05,128.1328481,0.384078212,98.5
399,0.06258,179,1610,0.05,35.53215859,0.111180124,99.988
400,0.11181,83,1200,0.05,12.37217899,0.069166667,47.087
401,0.19176,319,1693,0.05,19.65195222,0.188422918,96.962
402,0.19463,128,1179,0.05,11.15620221,0.108566582,54.542
403,0.18499,134,283,0.05,51.19176531,0.473498233,97.862
404,0.11086,77,1524,0.05,9.115088289,0.050524934,
405,0.11716,254,306,0.05,141.6977398,0.830065359,96.508
406,0.14555,303,823,0.05,50.58952238,0.368165249,99.857
407,0.18231,237,923,0.05,28.16865752,0.256771398,99.813
408,0.07798,136,1575,0.05,22.14650073,0.086349206,85.641
409,0.13836,58,908,0.075,6.155599112,0.063876652,
410,0.0845,317,889,0.075,56.2651562,0.356580427,99.29
411,0.19531,327,1099,0.075,20.3125439,0.297543221,99.25
412,0.19815,152,1004,0.075,10.18719302,0.151394422,59.632
413,0.08518,223,304,0.075,114.8239229,0.733552632,96.133
414,0.12708,91,1160,0.075,8.23085467,0.078448276,30.271
415,0.07175,258,758,0.075,63.2509906,0.340369393,98.348
416,0.08926,119,1558,0.075,11.40936206,0.076379974,60.252
417,0.11137,206,1243,0.075,19.84113941,0.165728077,99.92
418,0.12743,198,1194,0.075,17.35113612,0.165829146,95.467
419,0.08677,164,737,0.075,34.19365294,0.222523745,99.715
420,0.08456,275,300,0.075,144.5390518,0.916666667,98.947
421,0.05122,344,1400,0.075,63.96310965,0.245714286,99.912
422,0.12075,197,281,0.075,77.41257316,0.701067616,92.329
423,0.10319,346,406,0.075,110.1161933,0.852216749,97.7
424,0.13264,300,459,0.075,65.70112296,0.653594771,96.652
425,0.06365,102,273,0.075,78.26684967,0.373626374,99.937
426,0.15177,167,518,0.075,28.32301706,0.322393822,99.576
427,0.08631,262,1192,0.075,33.95491565,0.219798658,99.903
428,0.10975,115,288,0.075,48.5109255,0.399305556,99.851
429,0.09147,156,1013,0.075,22.44787372,0.153998026,99.83
430,0.15615,323,564,0.075,48.90127317,0.572695035,97.818
431,0.06731,155,1012,0.075,30.3396336,0.153162055,99.864
432,0.15982,161,255,0.075,52.67363693,0.631372549,93.081
433,0.09365,222,1620,0.075,19.51052316,0.137037037,99.95
434,0.09469,198,799,0.075,34.89418273,0.247809762,98.868
435,0.05336,165,731,0.075,56.40134789,0.225718194,97.422
436,0.16189,255,853,0.075,24.62123667,0.2989449,99.811
437,0.10328,340,559,0.075,78.52168607,0.60822898,98.301
438,0.14587,134,1615,0.075,7.58411702,0.082972136,49.138
439,0.10941,189,674,0.075,34.17304089,0.28041543,98.433
440,0.14945,320,1649,0.075,17.31299246,0.194057004,99.974
441,0.19398,192,1131,0.075,11.66864441,0.169761273,81.768
442,0.08147,161,745,0.075,35.36800991,0.216107383,98.869
443,0.05451,244,965,0.075,61.8479156,0.252849741,95.678
444,0.07668,210,362,0.075,100.8712393,0.580110497,99.532
445,0.08195,129,482,0.075,43.54441404,0.267634855,98.795
446,0.17672,289,548,0.075,39.78966823,0.527372263,97.585
447,0.13157,318,537,0.075,60.01152957,0.592178771,96.862
448,0.11386,285,534,0.075,62.49872535,0.533707865,97.485
449,0.19626,204,1561,0.075,8.878389758,0.130685458,76.087
450,0.19098,222,771,0.075,20.10247099,0.287937743,99.588
451,0.11132,94,1076,0.075,10.46359981,0.087360595,51.564
452,0.10815,188,417,0.075,55.58197917,0.450839329,92.814
453,0.18023,91,661,0.075,10.18477846,0.137670197,43.429
454,0.13709,304,1395,0.075,21.19494706,0.217921147,99.991
455,0.12595,120,1466,0.075,8.665384551,0.081855389,47.647
456,0.15851,183,602,0.075,25.5703498,0.303986711,99.397
457,0.06612,320,685,0.075,94.20312254,0.467153285,96.997
458,0.10175,121,1071,0.075,14.80472069,0.112978525,73.422
459,0.12571,310,1391,0.075,23.63760517,0.222861251,99.991
460,0.07269,287,1662,0.075,31.67487758,0.172683514,99.989
461,0.16736,110,867,0.075,10.10789349,0.126874279,51.193
462,0.05181,273,653,0.075,107.5906695,0.418070444,98.829
463,0.08654,210,276,0.075,117.2281897,0.760869565,96.361
464,0.05302,185,1605,0.075,28.98649504,0.115264798,99.908
465,0.07205,183,1177,0.075,28.7726179,0.155480034,99.893
466,0.07705,89,1278,0.075,12.05105993,0.069640063,53.263
467,0.07713,243,789,0.075,53.24081263,0.307984791,97.948
468,0.11071,265,608,0.075,52.49212816,0.435855263,96.306
469,0.10202,99,309,0.075,41.87261968,0.32038835,92.312
470,0.15109,178,918,0.075,17.11119484,0.193899782,95.409
471,0.12224,270,1103,0.075,26.70014667,0.244786945,99.897
472,0.10933,275,384,0.075,87.33752045,0.716145833,96.327
473,0.13704,105,686,0.075,14.89212147,0.153061224,70.628
474,0.08227,163,864,0.075,30.57532635,0.188657407,99.685
475,0.10755,274,1131,0.075,30.03421462,0.242263484,99.82
476,0.10519,310,270,0.075,145.5332444,1.148148148,99.828
477,0.09783,228,771,0.075,40.30390737,0.295719844,99.021
478,0.08461,349,713,0.075,77.13525839,0.489481066,97.966
479,0.15967,198,739,0.075,22.37361513,0.267929635,99.783
480,0.16894,215,873,0.075,19.43705497,0.246277205,98.895
481,0.1745,111,968,0.075,8.761751403,0.114669421,42.917
482,0.12781,132,1601,0.075,8.601149593,0.08244847,49.321
483,0.14223,294,398,0.075,69.24872552,0.738693467,95.974
484,0.15613,159,1663,0.075,8.165019984,0.095610343,48.444
485,0.1963,349,1080,0.075,21.9492714,0.323148148,99.651
486,0.18399,87,692,0.075,9.110824382,0.125722543,97.571
487,0.07438,305,752,0.075,72.7050473,0.405585106,99.64
488,0.18618,272,890,0.075,21.88691786,0.305617978,78.811
489,0.15805,155,1003,0.075,13.03692003,0.154536391,
490,0.10122,283,1460,0.075,25.53324329,0.193835616,99.998
491,0.10129,149,1569,0.075,12.50073332,0.094964946,74.526
492,0.1068,56,434,0.075,16.10889614,0.129032258,
493,0.1593,219,1090,0.075,16.81669229,0.200917431,97.162
494,0.16475,101,204,0.075,40.06863241,0.495098039,99.183
495,0.12412,200,558,0.075,38.50284016,0.358422939,97.274
496,0.19657,142,446,0.075,21.59608284,0.31838565,95.755
497,0.06785,158,386,0.075,80.43751901,0.409326425,93.19
498,0.11614,276,1165,0.075,27.19819428,0.236909871,99.993
499,0.18602,140,519,0.075,19.33480402,0.269749518,96.303
500,0.05643,294,1606,0.075,43.2544183,0.183063512,99.708
501,0.17863,274,227,0.075,90.09673315,1.207048458,96.076
502,0.09841,98,630,0.075,21.0758467,0.155555556,92.695
503,0.13867,289,531,0.075,52.33106132,0.544256121,97.56
504,0.1457,130,1453,0.075,8.18760576,0.089470062,59.927
505,0.05316,333,1513,0.075,55.20254111,0.220092531,94.805
506,0.16122,245,428,0.075,47.34151317,0.572429907,96.49
507,0.1016,231,1305,0.075,23.22985489,0.177011494,99.801
508,0.14821,124,1190,0.075,9.374237516,0.104201681,78.561
509,0.1491,217,1588,0.075,12.21997532,0.136649874,99.778
510,0.08616,117,608,0.075,29.77935787,0.192434211,97.919
511,0.06946,154,1420,0.075,20.81787201,0.108450704,99.205
512,0.08668,195,1543,0.075,19.43965348,0.126377187,99.688
513,0.0707,229,711,0.075,60.74145691,0.322081575,97.361
514,0.12975,250,583,0.075,44.06591821,0.428816467,95.814
515,0.0612,229,986,0.075,50.59945998,0.232251521,97.838
516,0.07454,333,932,0.075,63.91130263,0.357296137,98.653
517,0.11177,112,1274,0.075,10.48726109,0.087912088,67.737
518,0.06058,84,211,0.075,87.62061525,0.398104265,99.092
519,0.15538,94,331,0.075,24.36932384,0.283987915,89.138
520,0.06747,294,812,0.075,71.55159637,0.362068966,98.475
521,0.17647,335,1171,0.075,21.61502603,0.286080273,99.915
522,0.15366,113,888,0.075,11.04188921,0.127252252,54.792
523,0.07752,214,1212,0.075,30.36939401,0.176567657,99.678
524,0.09738,77,331,0.075,31.85163261,0.232628399,89.331
525,0.19582,263,1256,0.075,14.25764508,0.209394904,97.599
526,0.12866,222,225,0.075,102.2505484,0.986666667,99.812
527,0.15547,154,1680,0.075,7.861466664,0.091666667,72.653
528,0.09848,52,1011,0.075,6.963745402,0.051434224,
529,0.18634,340,1346,0.075,18.07450876,0.252600297,99.805
530,0.06285,112,670,0.075,35.46309819,0.167164179,98.97
531,0.14606,247,870,0.075,25.9170246,0.283908046,99.744
532,0.13368,95,569,0.075,16.6526609,0.166959578,82.261
533,0.08167,96,1495,0.075,10.48349811,0.064214047,66.931
534,0.17821,250,1649,0.075,11.34295005,0.151607035,98.154
535,0.14995,141,758,0.075,16.54025396,0.186015831,87.574
536,0.11016,240,1307,0.075,22.22544491,0.183626626,99.96
537,0.11915,72,734,0.075,10.97693586,0.098092643,27.952
538,0.07174,255,516,0.075,91.84760645,0.494186047,96.946
539,0.18823,125,1310,0.075,6.759095952,0.095419847,
540,0.05634,192,829,0.075,54.81110936,0.231604343,99.355
541,0.09224,209,1346,0.075,22.44505472,0.155274889,99.944
542,0.08161,134,995,0.075,22.00275568,0.134673367,90.444
543,0.15226,284,1667,0.075,14.91886044,0.170365927,91.939
544,0.08845,260,330,0.075,118.7682363,0.787878788,95.904
545,0.17759,260,1210,0.075,16.13274269,0.214876033,99.562
546,0.07522,206,329,0.075,110.98818,0.626139818,94.894
547,0.09575,337,1397,0.075,33.59181337,0.24123121,99.336
548,0.18633,237,1579,0.075,10.74044236,0.150094997,98.491
549,0.19003,279,1534,0.075,12.7613145,0.181877445,99.124
550,0.14541,308,894,0.075,31.59058439,0.344519016,98.283
551,0.08362,191,397,0.075,76.71343576,0.481108312,93.05
552,0.11221,141,1015,0.075,16.50669948,0.138916256,97.741
553,0.13532,348,1414,0.075,24.24971183,0.246110325,99.508
554,0.06262,190,1407,0.075,28.75313324,0.13503909,99.391
555,0.1796,146,359,0.075,30.19192552,0.406685237,98.296
556,0.09719,124,488,0.075,34.85932855,0.254098361,98.67
557,0.081,276,1591,0.075,28.55568747,0.173475801,99.665
558,0.07322,74,1252,0.075,10.7630759,0.059105431,41.441
559,0.13592,128,1267,0.075,9.910343906,0.101026046,65.03
560,0.05208,203,940,0.075,55.28864486,0.215957447,98.155
561,0.15301,145,1072,0.075,11.78669752,0.135261194,89.27
562,0.06594,97,612,0.075,32.04867698,0.158496732,97.813
563,0.0774,273,1611,0.075,29.19206938,0.169459963,99.531
564,0.12781,345,546,0.075,65.91744327,0.631868132,97.422
565,0.149,135,206,0.075,58.64338307,0.655339806,94.814
566,0.11175,175,1612,0.075,12.95281659,0.108560794,99.604
567,0.16931,142,1233,0.075,9.069459268,0.115166261,79.809
568,0.11744,69,449,0.075,17.44718812,0.153674833,60.731
569,0.18435,128,544,0.075,17.01792732,0.235294118,89.208
570,0.1476,141,1128,0.075,11.29177958,0.125,87.134
571,0.19933,260,613,0.075,28.37128088,0.424143556,99.163
572,0.18884,233,1649,0.075,9.976541426,0.141297756,78.502
573,0.05851,171,1058,0.075,36.83147243,0.161625709,99.923
574,0.10864,167,1401,0.075,14.62942698,0.119200571,85.085
575,0.14194,329,897,0.075,34.45382081,0.366778149,99.904
576,0.06641,240,639,0.075,75.4076905,0.375586854,98.374
577,0.0508,295,905,0.075,85.55560389,0.325966851,99.252
578,0.10419,171,226,0.075,96.82786808,0.756637168,94.191
579,0.1065,288,454,0.075,79.41924676,0.634361233,96.019
580,0.10488,292,945,0.075,39.28231744,0.308994709,99.841
581,0.15879,79,1034,0.075,6.415376374,0.076402321,
582,0.13949,191,1533,0.075,11.90931753,0.124592303,73.493
583,0.13314,341,877,0.075,38.93901573,0.388825542,99.055
584,0.0732,248,764,0.075,59.12701819,0.32460733,98.058
585,0.07819,166,785,0.075,36.0600193,0.211464968,98.631
586,0.09274,79,1234,0.075,9.204147645,0.064019449,40.736
587,0.1749,143,1355,0.075,8.045363473,0.105535055,65.379
588,0.09161,297,1634,0.075,26.45454221,0.181762546,99.739
589,0.10159,250,923,0.075,35.54889322,0.270855905,98.6
590,0.11554,312,433,0.075,83.15207115,0.720554273,95.75
591,0.11054,306,1223,0.075,30.17965326,0.250204415,99.367
592,0.06902,80,941,0.075,16.42344064,0.08501594,69.826
593,0.19207,224,994,0.075,15.64374882,0.225352113,99.469
594,0.0976,238,1114,0.075,29.18641041,0.213644524,99.499
595,0.06946,120,1517,0.075,15.18446948,0.079103494,73.695
596,0.09869,61,777,0.075,10.60655636,0.078507079,
597,0.16815,335,512,0.075,51.8820002,0.654296875,97.56
598,0.12412,180,1104,0.075,17.51460718,0.163043478,96.685
599,0.18273,325,429,0.075,55.27833471,0.757575758,97.136
600,0.13182,171,1409,0.075,12.27559486,0.121362669,75.021
601,0.18757,246,325,0.075,53.80555362,0.756923077,95.43
602,0.18751,90,712,0.075,8.98828467,0.126404494,
603,0.06335,292,1239,0.075,49.60251104,0.235673931,99.798
604,0.13556,115,358,0.075,31.59526412,0.32122905,93.6
605,0.17204,339,873,0.075,30.09502838,0.388316151,99.785
606,0.08772,73,1509,0.075,7.353155224,0.048376408,
607,0.05323,239,1567,0.075,38.20420572,0.15252074,99.914
608,0.064,76,201,0.075,78.77280265,0.378109453,95.945
609,0.15079,139,1655,0.075,7.426479688,0.083987915,99.828
610,0.08073,151,1260,0.075,19.79293445,0.11984127,98.825
611,0.13909,322,709,0.075,43.53639512,0.45416079,98.866
612,0.07403,218,1005,0.075,39.06802159,0.216915423,42.753
613,0.13791,282,1521,0.1,13.44386479,0.185404339,95.385
614,0.18347,277,1112,0.1,13.57719079,0.249100719,91.52
615,0.11596,178,1308,0.1,11.73556631,0.136085627,73.424
616,0.13514,269,212,0.1,93.89284627,1.268867925,96.106
617,0.17824,221,499,0.1,24.84772058,0.442885772,98.44
618,0.09239,96,1072,0.1,9.692849746,0.089552239,44.82
619,0.15299,178,1312,0.1,8.86794769,0.135670732,59.673
620,0.16728,152,597,0.1,15.22037094,0.254606365,82.45
621,0.06509,276,530,0.1,80.00533369,0.520754717,96.259
622,0.19877,309,529,0.1,29.38677783,0.584120983,98.626
623,0.10987,237,1354,0.1,15.93127584,0.175036928,99.451
624,0.09811,333,292,0.1,116.237994,1.140410959,99.69
625,0.10983,247,707,0.1,31.80947899,0.349363508,98.004
626,0.13497,292,551,0.1,39.26395151,0.529945554,97.68
627,0.18862,208,953,0.1,11.5713144,0.218258132,92.822
628,0.07124,270,1625,0.1,23.32311148,0.166153846,99.577
629,0.14066,254,1236,0.1,14.60981218,0.205501618,99.883
630,0.06188,198,1112,0.1,28.77465319,0.178057554,99.444
631,0.16356,75,265,0.1,17.30367253,0.283018868,69.718
632,0.06613,180,950,0.1,28.65169881,0.189473684,99.405
633,0.10081,206,381,0.1,53.63380763,0.540682415,94.721
634,0.15889,294,1196,0.1,15.47104273,0.245819398,99.846
635,0.13686,169,386,0.1,31.99063526,0.437823834,97.778
636,0.07588,297,1544,0.1,25.35022575,0.192357513,99.852
637,0.07774,196,883,0.1,28.55293992,0.221970555,98.382
638,0.07413,173,427,0.1,54.65428637,0.405152225,94.081
639,0.15038,155,1070,0.1,9.632917481,0.144859813,82.084
640,0.08313,122,1159,0.1,12.66247539,0.105263158,84.01
641,0.0741,318,1253,0.1,34.24978432,0.253790902,98.141
642,0.1563,265,1396,0.1,12.1451107,0.18982808,99.513
643,0.13947,247,772,0.1,22.94028727,0.319948187,99.07
644,0.18374,185,611,0.1,16.47884642,0.302782324,97.543
645,0.06957,93,1330,0.1,10.05100072,0.069924812,63.585
646,0.10016,140,725,0.1,19.27949763,0.193103448,94.074
647,0.17939,285,1670,0.1,9.513277364,0.170658683,96.603
648,0.09535,125,1526,0.1,8.590823214,0.081913499,68.442
649,0.07239,122,1429,0.1,11.79367146,0.085374388,65.216
650,0.08437,90,1615,0.1,6.605138578,0.055727554,
651,0.16555,198,1545,0.1,7.741186337,0.12815534,55.197
652,0.06212,169,548,0.1,49.64490673,0.308394161,97.951
653,0.19362,320,1450,0.1,11.39808156,0.220689655,81.418
654,0.15872,233,1327,0.1,11.06250152,0.175584024,79.334
655,0.06543,229,1538,0.1,22.75633019,0.148894668,99.972
656,0.17772,170,516,0.1,18.53800159,0.329457364,97.079
657,0.1815,292,1139,0.1,14.12480621,0.256365233,95.242
658,0.11394,322,573,0.1,49.32022334,0.561954625,96.403
659,0.1859,219,1423,0.1,8.278655773,0.153900211,65.918
660,0.18203,67,383,0.1,9.610214022,0.174934726,
661,0.11517,174,1000,0.1,15.10810107,0.174,89.797
662,0.14146,69,465,0.1,10.4896859,0.148387097,
663,0.08801,233,1223,0.1,21.64698634,0.190515127,99.959
664,0.0526,85,1504,0.1,10.7444786,0.056515957,50.603
665,0.08552,170,1166,0.1,17.0483628,0.145797599,94.89
666,0.15241,256,524,0.1,32.05495823,0.488549618,98.137
667,0.05942,194,590,0.1,55.33718602,0.328813559,96.28
668,0.17204,71,373,0.1,11.06420167,0.190348525,
669,0.06957,325,998,0.1,46.80915662,0.325651303,99.586
670,0.05311,62,844,0.1,13.83161658,0.073459716,
671,0.17728,138,276,0.1,28.20397112,0.5,97.136
672,0.14831,281,1661,0.1,11.40686371,0.169175196,93.721
673,0.14368,166,984,0.1,11.74131313,0.168699187,71.852
674,0.10387,220,809,0.1,26.18086719,0.271940667,99.085
675,0.14225,67,772,0.1,6.101059035,0.086787565,
676,0.06732,132,1022,0.1,19.18575649,0.129158513,82.171
677,0.11007,72,447,0.1,14.63376265,0.161073826,55.043
678,0.16424,306,559,0.1,33.32964456,0.547406082,98.16
679,0.17107,103,939,0.1,6.412062946,0.109691161,
680,0.08195,337,1037,0.1,39.65538645,0.324975892,99.806
681,0.06719,134,489,0.1,40.78413899,0.27402863,90.965
682,0.05613,241,342,0.1,125.5439805,0.704678363,99.193
683,0.07162,314,1488,0.1,29.46404711,0.211021505,99.946
684,0.17975,296,1229,0.1,13.39895502,0.240846216,89.423
685,0.06996,267,856,0.1,44.58488963,0.311915888,98.12
686,0.15568,285,755,0.1,24.24739489,0.377483444,99.071
687,0.09751,223,1149,0.1,19.90378528,0.19408181,99.597
688,0.13541,309,349,0.1,65.38563027,0.885386819,94.775
689,0.17257,89,349,0.1,14.77744258,0.255014327,74.543
690,0.08205,110,354,0.1,37.87135445,0.310734463,95.067
691,0.11658,205,1339,0.1,13.13255514,0.153099328,99.544
692,0.10633,128,1407,0.1,8.555788857,0.090973703,79.884
693,0.09348,202,1490,0.1,14.50261765,0.13557047,99.708
694,0.16578,308,1665,0.1,11.15846212,0.184984985,99.352
695,0.16364,254,664,0.1,23.37632122,0.38253012,98.608
696,0.19058,163,1143,0.1,7.482798515,0.142607174,65.356
697,0.08567,268,1688,0.1,18.53248191,0.158767773,99.711
698,0.14953,249,1100,0.1,15.13834256,0.226363636,99.634
699,0.17952,330,898,0.1,20.47032622,0.367483296,99.585
700,0.08618,201,767,0.1,30.40844441,0.262059974,98.137
701,0.15227,161,556,0.1,19.01676925,0.289568345,98.825
702,0.08387,250,812,0.1,36.70940424,0.307881773,98.321
703,0.05497,333,1098,0.1,55.17167337,0.303278689,97.719
704,0.17038,171,406,0.1,24.72017056,0.421182266,98.278
705,0.07813,278,728,0.1,48.87599282,0.381868132,97.341
706,0.11268,171,990,0.1,15.32900894,0.172727273,98.724
707,0.1256,253,616,0.1,32.70018198,0.410714286,97.618
708,0.0796,123,351,0.1,44.02353649,0.35042735,95.117
709,0.07815,136,1135,0.1,15.33253852,0.119823789,84.731
710,0.18827,143,431,0.1,17.62291087,0.331786543,91.163
711,0.13604,221,757,0.1,21.46000263,0.291941876,99.557
712,0.11737,242,710,0.1,29.04022071,0.34084507,98.761
713,0.1393,171,511,0.1,24.0228259,0.334637965,98.672
714,0.18806,152,847,0.1,9.542534655,0.179456907,55.613
715,0.10928,190,1312,0.1,13.25192836,0.144817073,81.533
716,0.14684,302,1580,0.1,13.01683741,0.191139241,94.736
717,0.1128,262,1651,0.1,14.0684133,0.158691702,96.936
718,0.13792,308,673,0.1,33.18244657,0.457652303,98.943
719,0.08338,114,1645,0.1,8.311455008,0.069300912,43.989
720,0.07416,202,271,0.1,100.5107138,0.745387454,98.53
721,0.05497,225,680,0.1,60.1932605,0.330882353,97.479
722,0.11794,84,1105,0.1,6.445489193,0.0760181,
723,0.14925,296,643,0.1,30.84369489,0.460342146,99.077
724,0.06887,256,1398,0.1,26.58904328,0.183118741,99.95
725,0.07782,183,479,0.1,49.09354009,0.382045929,95.411
726,0.09071,296,1408,0.1,23.1757549,0.210227273,99.92
727,0.14641,348,720,0.1,33.01231701,0.483333333,98.666
728,0.15612,166,1446,0.1,7.353282523,0.114799447,78.016
729,0.12597,227,297,0.1,60.67395128,0.764309764,93.967
730,0.18945,115,588,0.1,10.32347486,0.195578231,65.617
731,0.11174,316,993,0.1,28.4792906,0.318227593,98.157
732,0.11948,196,1675,0.1,9.793683074,0.117014925,96.136
733,0.16833,312,1213,0.1,15.28031368,0.25721352,99.801
734,0.06133,112,1461,0.1,12.49956335,0.076659822,85.521
735,0.08331,91,253,0.1,43.1741441,0.359683794,99.419
736,0.08127,224,565,0.1,48.78309056,0.396460177,96.724
737,0.15958,165,621,0.1,16.64998641,0.265700483,97.513
738,0.15139,342,836,0.1,27.02232044,0.409090909,99.568
739,0.09109,297,765,0.1,42.62106643,0.388235294,98.461
740,0.11305,326,1694,0.1,17.02290312,0.19244392,99.857
741,0.17281,112,404,0.1,16.04234262,0.277227723,72.806
742,0.15734,141,1330,0.1,6.737958408,0.106015038,33.884
743,0.1066,163,231,0.1,66.19396863,0.705627706,91.26
744,0.15096,313,1662,0.1,12.47531243,0.188327316,93.312
745,0.11569,207,221,0.1,80.96219066,0.936651584,94.669
746,0.09506,348,535,0.1,68.42702396,0.65046729,96.51
747,0.06535,108,1493,0.1,11.06925407,0.072337575,54.82
748,0.05746,56,906,0.1,10.75707527,0.061810155,
749,0.10183,337,414,0.1,79.93809897,0.814009662,95.411
750,0.06645,256,293,0.1,131.4853479,0.873720137,98.642
751,0.11239,149,489,0.1,27.11126225,0.304703476,95.697
752,0.1085,117,1010,0.1,10.6766437,0.115841584,60.311
753,0.06038,270,1641,0.1,27.2497219,0.164533821,99.939
754,0.13086,168,626,0.1,20.50822307,0.268370607,98.985
755,0.16142,330,756,0.1,27.0417505,0.436507937,99.71
756,0.19563,271,1411,0.1,9.817633651,0.192062367,75.221
757,0.17166,139,1285,0.1,6.301480032,0.108171206,34.059
758,0.06521,178,912,0.1,29.93029268,0.195175439,99.719
759,0.13943,138,292,0.1,33.89534101,0.47260274,97.888
760,0.05132,330,658,0.1,97.7240368,0.501519757,99.763
761,0.1962,238,260,0.1,46.65568886,0.915384615,94.293
762,0.17148,326,1552,0.1,12.24933207,0.210051546,95.155
763,0.17659,172,672,0.1,14.49416054,0.255952381,85.546
764,0.13683,327,383,0.1,62.39756638,0.853785901,95.444
765,0.15361,346,1480,0.1,15.21930758,0.233783784,98.384
766,0.14594,262,1585,0.1,11.32655095,0.165299685,88.925
767,0.17712,280,516,0.1,30.63661128,0.542635659,97.932
768,0.15805,283,1483,0.1,12.07398924,0.1908294,89.303
769,0.06407,295,745,0.1,61.80320811,0.395973154,98.639
770,0.17781,323,1611,0.1,11.27588921,0.200496586,90.137
771,0.14648,188,941,0.1,13.6392313,0.19978746,86.902
772,0.06039,340,1168,0.1,48.20266442,0.29109589,99.601
773,0.09718,111,855,0.1,13.35918516,0.129824561,70.284
774,0.1601,102,927,0.1,6.872727199,0.110032362,
775,0.06454,118,570,0.1,32.07585123,0.207017544,89.447
776,0.18285,348,1218,0.1,15.62561038,0.285714286,98.935
777,0.17476,155,265,0.1,33.46908105,0.58490566,95.841
778,0.10651,347,1057,0.1,30.82223326,0.328287606,99.824
779,0.11203,211,455,0.1,41.39393589,0.463736264,95.413
780,0.17946,135,822,0.1,9.151542218,0.164233577,51.598
781,0.16969,329,486,0.1,39.8936138,0.676954733,96.698
782,0.19437,106,755,0.1,7.223200648,0.140397351,
783,0.07246,64,1222,0.1,7.227871758,0.052373159,
784,0.18941,221,1640,0.1,7.11451864,0.134756098,52.879
785,0.12002,275,827,0.1,27.7059829,0.332527207,99.523
786,0.08812,72,1089,0.1,7.502916759,0.066115702,
787,0.19321,162,221,0.1,37.93963429,0.733031674,97.952
788,0.12164,248,1537,0.1,13.26482124,0.161353286,99.827
789,0.08543,207,472,0.1,51.33551704,0.438559322,94.507
790,0.07648,318,1636,0.1,25.41534102,0.194376528,99.769
791,0.08801,289,678,0.1,48.43241533,0.426253687,98.438
792,0.18781,292,1463,0.1,10.62722346,0.199589884,96.468
793,0.07689,173,426,0.1,52.81613817,0.406103286,93.794
794,0.08086,234,310,0.1,93.3513121,0.75483871,97.042
795,0.16784,229,1073,0.1,12.71570048,0.213420317,97.709
796,0.0903,222,1606,0.1,15.30804334,0.138231631,99.831
797,0.06589,284,974,0.1,44.2527104,0.291581109,99.221
798,0.18585,221,1347,0.1,8.827995691,0.1640683,81.977
799,0.12524,191,1292,0.1,11.80396178,0.147832817,94.668
800,0.06252,349,919,0.1,60.74225997,0.379760609,99.172
801,0.10953,321,1395,0.1,21.00863023,0.230107527,99.745
802,0.09909,217,1456,0.1,15.04071668,0.149038462,64.793
803,0.10038,121,1389,0.1,8.678325459,0.087113031,99.578
804,0.08671,274,1168,0.1,27.05443906,0.234589041,92.481
805,0.17021,246,1516,0.1,9.533466264,0.162269129,99.774
806,0.09777,254,1344,0.1,19.32986553,0.188988095,98.184
807,0.19792,315,466,0.1,34.15347945,0.675965665,99.829
808,0.17974,270,235,0.1,63.92211918,1.14893617,95.586
809,0.09353,281,1513,0.1,19.85712902,0.185723728,99.881
810,0.12167,164,1249,0.1,10.79189973,0.131305044,76.49
811,0.13569,156,1209,0.1,9.50934174,0.129032258,77.791
812,0.05616,237,1385,0.1,30.46993119,0.171119134,99.643
813,0.07954,269,1179,0.1,28.68487015,0.228159457,99.545
814,0.07568,304,1362,0.1,29.49275565,0.223201175,99.479
815,0.07466,165,1186,0.1,18.63422219,0.139123103,99.101
816,0.07728,72,434,0.1,21.46721241,0.165898618,68.828
